Participant,Current Waypoint,Score,Time Appeared,Time Sent
,74,23,15.256465,18.070292
,17,23,28.36141,30.202562
,111,23,38.455276,39.808666
